{
  "name": "bootstrap-css",
  "version": "3.3.6",
  "keywords": [
    "css",
    "js",
    "less",
    "mobile-first",
    "responsive",
    "front-end",
    "framework",
    "web",
    "bootstrap",
    "twitter-bootstrap",
    "bootstrap.js"
  ],
  "main": [
    "css/bootstrap.min.css",
    "js/bootstrap.min.js"
  ],
  "homepage": "http://getbootstrap.com/",
  "author": {
    "name": "Twitter Inc."
  },
  "repository": {
    "type": "git",
    "url": "git://github.com/jozefizso/bower-bootstrap-css.git"
  },
  "license": "MIT",
  "_release": "3.3.6",
  "_resolution": {
    "type": "version",
    "tag": "v3.3.6",
    "commit": "ef51118f6360259082a2e5f21ea6c5e5f552a09f"
  },
  "_source": "https://github.com/jozefizso/bower-bootstrap-css.git",
  "_target": "^3.3.6",
  "_originalSource": "bootstrap-css",
  "_direct": true
}